{
  "project_info": {
    "project_number": "1005526124626",
    "firebase_url": "https://national-news-60dbc.firebaseio.com",
    "project_id": "national-news-60dbc",
    "storage_bucket": "national-news-60dbc.appspot.com"
  },
  "client": [
    {
      "client_info": {
        "mobilesdk_app_id": "1:1005526124626:android:826991a74b4db4ca",
        "android_client_info": {
          "package_name": "com.example.acer.nationalnews"
        }
      },
      "oauth_client": [
        {
          "client_id": "1005526124626-q825g29d0ombsretot4319eh9jn02n1o.apps.googleusercontent.com",
          "client_type": 1,
          "android_info": {
            "package_name": "com.example.acer.nationalnews",
            "certificate_hash": "d6f5a690e1e9b395fdb9f80b953f4b7808d33e58"
          }
        },
        {
          "client_id": "1005526124626-1gak0osqd3n5bdrc0nnl8lrh1lrd72mn.apps.googleusercontent.com",
          "client_type": 3
        }
      ],
      "api_key": [
        {
          "current_key": "AIzaSyA3bnx1QkPB0S_dp09KCbkR5w1pfpc3x9c"
        }
      ],
      "services": {
        "analytics_service": {
          "status": 1
        },
        "appinvite_service": {
          "status": 2,
          "other_platform_oauth_client": [
            {
              "client_id": "1005526124626-1gak0osqd3n5bdrc0nnl8lrh1lrd72mn.apps.googleusercontent.com",
              "client_type": 3
            }
          ]
        },
        "ads_service": {
          "status": 2
        }
      }
    }
  ],
  "configuration_version": "1"
}